index,name,value,year,rank,prevValue
0,Joe Fulks,1389,1947,0,0
1,Bob Feerick,926,1947,0,0
2,Stan Miasek,895,1947,0,0
3,Ed Sadowski,877,1947,0,0
4,Max Zaslofsky,877,1947,0,0
5,Ernie Calverley,845,1947,0,0
6,Chick Halbert,773,1947,0,0
7,John Logan,770,1947,0,0
8,Leo Mogus,753,1947,0,0
9,Coulby Gunther,734,1947,0,0
10,Dino Martin,733,1947,0,0
11,Fred Scolari,728,1947,0,0
12,Hank Beenders,713,1947,0,0
13,John Janisch,697,1947,0,0
14,Bones McKinney,695,1947,0,0
15,Earl Shannon,687,1947,0,0
16,Mel Riebe,663,1947,0,0
17,Mike McCarron,649,1947,0,0
18,Frankie Baumholtz,631,1947,0,0
19,Don Carlson,630,1947,0,0
20,Joe Fulks,2338,1948,0,1389
21,Max Zaslofsky,1884,1948,0,877
22,Ed Sadowski,1787,1948,0,877
23,Bob Feerick,1701,1948,0,926
24,Stan Miasek,1611,1948,0,895
25,John Logan,1414,1948,0,770
26,Ernie Calverley,1404,1948,0,845
27,Fred Scolari,1317,1948,0,728
28,Chick Halbert,1225,1948,0,773
29,Bones McKinney,1180,1948,0,695
30,Mel Riebe,1152,1948,0,663
31,Howie Dallmar,1115,1948,0,0
32,Kenny Sailors,1101,1948,0,0
33,Johnny Norlander,1095,1948,0,0
34,Earl Shannon,1049,1948,0,687
35,Bud Palmer,1023,1948,0,0
36,Connie Simmons,1006,1948,0,0
37,George Nostrand,1003,1948,0,0
38,Bob Doll,968,1948,0,0
39,Hank Beenders,916,1948,0,713
40,Joe Fulks,3898,1949,0,2338
41,Max Zaslofsky,3081,1949,0,1884
42,Ed Sadowski,2707,1949,0,1787
43,Bob Feerick,2453,1949,0,1701
44,John Logan,2217,1949,0,1414
45,Stan Miasek,2062,1949,0,1611
46,Kenny Sailors,2000,1949,0,1101
47,Ernie Calverley,1961,1949,0,1404
48,Bones McKinney,1903,1949,0,1180
49,Fred Scolari,1855,1949,0,1317
50,Chick Halbert,1843,1949,0,1225
51,Connie Simmons,1785,1949,0,1006
52,Bud Palmer,1737,1949,0,1023
53,Belus Smawley,1711,1949,0,0
54,George Mikan,1698,1949,0,0
55,George Nostrand,1592,1949,0,1003
56,Kleggie Hermsen,1580,1949,0,0
57,Mel Riebe,1575,1949,0,1152
58,Johnny Norlander,1539,1949,0,1095
59,Carl Braun,1481,1949,0,0
60,Joe Fulks,4863,1950,0,3898
61,Max Zaslofsky,4196,1950,0,3081
62,Ed Sadowski,3579,1950,0,2707
63,George Mikan,3563,1950,0,1698
64,Kenny Sailors,2987,1950,0,2000
65,John Logan,2972,1950,0,2217
66,Bob Feerick,2936,1950,0,2453
67,Fred Scolari,2715,1950,0,1855
68,Stan Miasek,2560,1950,0,2062
69,Belus Smawley,2545,1950,0,1711
70,Carl Braun,2512,1950,0,1481
71,Connie Simmons,2465,1950,0,1785
72,Bones McKinney,2395,1950,0,1903
73,Chick Halbert,2171,1950,0,1843
74,Kleggie Hermsen,2125,1950,0,1580
75,Red Rocha,1989,1950,0,0
76,Ernie Calverley,1961,1950,0,1961
77,Sonny Hertzberg,1928,1950,0,0
78,Leo Mogus,1836,1950,0,753
79,Andy Phillip,1822,1950,0,0
80,Joe Fulks,6099,1951,0,4863
81,George Mikan,5495,1951,0,3563
82,Max Zaslofsky,5031,1951,0,4196
83,Fred Scolari,3598,1951,0,2715
84,Ed Sadowski,3579,1951,0,3579
85,Kenny Sailors,3480,1951,0,2987
86,Belus Smawley,3276,1951,0,2545
87,John Logan,3203,1951,0,2972
88,Connie Simmons,3069,1951,0,2465
89,Bob Feerick,2936,1951,0,2936
90,Alex Groza,2925,1951,0,0
91,Red Rocha,2825,1951,0,1989
92,Bob Davies,2754,1951,0,0
93,Arnie Risen,2697,1951,0,0
94,Chick Halbert,2671,1951,0,2171
95,Kleggie Hermsen,2658,1951,0,2125
96,Bones McKinney,2657,1951,0,2395
97,Sonny Hertzberg,2563,1951,0,1928
98,Andy Phillip,2562,1951,0,1822
99,Stan Miasek,2560,1951,0,2560
100,Joe Fulks,7021,1952,0,6099
101,George Mikan,7018,1952,0,5495
102,Max Zaslofsky,5962,1952,0,5031
103,Fred Scolari,4531,1952,0,3598
104,Bob Davies,3806,1952,0,2754
105,Ed Macauley,3729,1952,0,0
106,Arnie Risen,3729,1952,0,2697
107,Connie Simmons,3698,1952,0,3069
108,Red Rocha,3679,1952,0,2825
109,Ed Sadowski,3579,1952,0,3579
110,Kenny Sailors,3480,1952,0,3480
111,Jim Pollard,3391,1952,0,0
112,Andy Phillip,3352,1952,0,2562
113,Stan Miasek,3339,1952,0,2560
114,Frankie Brian,3333,1952,0,0
115,Belus Smawley,3316,1952,0,3276
116,John Logan,3203,1952,0,3203
117,Bobby Wanzer,3173,1952,0,0
118,Dolph Schayes,3061,1952,0,0
119,Bones McKinney,2994,1952,0,2657
120,George Mikan,8460,1953,0,7018
121,Joe Fulks,7853,1953,0,7021
122,Max Zaslofsky,6306,1953,0,5962
123,Fred Scolari,5361,1953,0,4531
124,Ed Macauley,5131,1953,0,3729
125,Bob Davies,4835,1953,0,3806
126,Arnie Risen,4613,1953,0,3729
127,Red Rocha,4449,1953,0,3679
128,Connie Simmons,4427,1953,0,3698
129,Dolph Schayes,4323,1953,0,3061
130,Jim Pollard,4250,1953,0,3391
131,Bobby Wanzer,4193,1953,0,3173
132,Andy Phillip,4074,1953,0,3352
133,Frankie Brian,4059,1953,0,3333
134,Bob Cousy,3918,1953,0,0
135,Stan Miasek,3851,1953,0,3339
136,Vern Mikkelsen,3751,1953,0,0
137,Harry Gallatin,3688,1953,0,0
138,Fred Schaus,3595,1953,0,0
139,Ed Sadowski,3579,1953,0,3579
140,George Mikan,9766,1954,0,8460
141,Joe Fulks,8003,1954,0,7853
142,Max Zaslofsky,7117,1954,0,6306
143,Ed Macauley,6475,1954,0,5131
144,Fred Scolari,5823,1954,0,5361
145,Bob Davies,5722,1954,0,4835
146,Arnie Risen,5562,1954,0,4613
147,Dolph Schayes,5551,1954,0,4323
148,Bob Cousy,5301,1954,0,3918
149,Bobby Wanzer,5151,1954,0,4193
150,Connie Simmons,5147,1954,0,4427
151,Jim Pollard,5081,1954,0,4250
152,Andy Phillip,4825,1954,0,4074
153,Harry Gallatin,4637,1954,0,3688
154,Carl Braun,4551,1954,0,2512
155,Vern Mikkelsen,4548,1954,0,3751
156,Frankie Brian,4460,1954,0,4059
157,Red Rocha,4449,1954,0,4449
158,Fred Schaus,4070,1954,0,3595
159,Larry Foust,4010,1954,0,0
160,George Mikan,9766,1955,0,9766
161,Joe Fulks,8003,1955,0,8003
162,Max Zaslofsky,7902,1955,0,7117
163,Ed Macauley,7723,1955,0,6475
164,Dolph Schayes,6884,1955,0,5551
165,Bob Cousy,6805,1955,0,5301
166,Bob Davies,6594,1955,0,5722
167,Arnie Risen,6359,1955,0,5562
168,Bobby Wanzer,6093,1955,0,5151
169,Fred Scolari,6014,1955,0,5823
170,Vern Mikkelsen,5875,1955,0,4548
171,Jim Pollard,5762,1955,0,5081
172,Harry Gallatin,5690,1955,0,4637
173,Carl Braun,5625,1955,0,4551
174,Connie Simmons,5493,1955,0,5147
175,Andy Phillip,5442,1955,0,4825
176,Neil Johnston,5336,1955,0,0
177,Red Rocha,5261,1955,0,4449
178,Larry Foust,5199,1955,0,4010
179,Frankie Brian,5151,1955,0,4460
180,George Mikan,10156,1956,0,9766
181,Ed Macauley,8963,1956,0,7723
182,Dolph Schayes,8356,1956,0,6884
183,Bob Cousy,8161,1956,0,6805
184,Joe Fulks,8003,1956,0,8003
185,Max Zaslofsky,7990,1956,0,7902
186,Arnie Risen,6907,1956,0,6359
187,Neil Johnston,6883,1956,0,5336
188,Bobby Wanzer,6842,1956,0,6093
189,Vern Mikkelsen,6837,1956,0,5875
190,Carl Braun,6737,1956,0,5625
191,Harry Gallatin,6692,1956,0,5690
192,Bob Davies,6594,1956,0,6594
193,Larry Foust,6365,1956,0,5199
194,Paul Arizin,6048,1956,0,0
195,Bill Sharman,6038,1956,0,0
196,Fred Scolari,6014,1956,0,6014
197,Red Rocha,5981,1956,0,5261
198,Connie Simmons,5859,1956,0,5493
199,Andy Phillip,5850,1956,0,5442
200,George Mikan,10156,1957,0,10156
201,Ed Macauley,10150,1957,0,8963
202,Dolph Schayes,9973,1957,0,8356
203,Bob Cousy,9480,1957,0,8161
204,Neil Johnston,8458,1957,0,6883
205,Joe Fulks,8003,1957,0,8003
206,Max Zaslofsky,7990,1957,0,7990
207,Paul Arizin,7865,1957,0,6048
208,Vern Mikkelsen,7823,1957,0,6837
209,Harry Gallatin,7771,1957,0,6692
210,Carl Braun,7738,1957,0,6737
211,Bill Sharman,7451,1957,0,6038
212,Arnie Risen,7251,1957,0,6907
213,Larry Foust,7124,1957,0,6365
214,Bobby Wanzer,6924,1957,0,6842
215,Bob Davies,6594,1957,0,6594
216,Red Rocha,6362,1957,0,5981
217,Jack Coleman,6175,1957,0,0
218,Andy Phillip,6148,1957,0,5850
219,Joe Graboski,6090,1957,0,0
220,Dolph Schayes,11764,1958,0,9973
221,Ed Macauley,11169,1958,0,10150
222,Bob Cousy,10647,1958,0,9480
223,George Mikan,10156,1958,0,10156
224,Neil Johnston,9846,1958,0,8458
225,Paul Arizin,9271,1958,0,7865
226,Vern Mikkelsen,9071,1958,0,7823
227,Carl Braun,8911,1958,0,7738
228,Bill Sharman,8853,1958,0,7451
229,Harry Gallatin,8843,1958,0,7771
230,Larry Foust,8334,1958,0,7124
231,Joe Fulks,8003,1958,0,8003
232,Max Zaslofsky,7990,1958,0,7990
233,Arnie Risen,7633,1958,0,7251
234,Joe Graboski,6999,1958,0,6090
235,Bobby Wanzer,6924,1958,0,6924
236,Bob Pettit,6789,1958,0,0
237,Jack Coleman,6721,1958,0,6175
238,Bob Davies,6594,1958,0,6594
239,Clyde Lovellette,6518,1958,0,0
240,Dolph Schayes,13298,1959,0,11764
241,Bob Cousy,11944,1959,0,10647
242,Ed Macauley,11234,1959,0,11169
243,Paul Arizin,11122,1959,0,9271
244,Bill Sharman,10319,1959,0,8853
245,George Mikan,10156,1959,0,10156
246,Vern Mikkelsen,10063,1959,0,9071
247,Neil Johnston,10023,1959,0,9846
248,Carl Braun,9665,1959,0,8911
249,Larry Foust,9216,1959,0,8334
250,Bob Pettit,8894,1959,0,6789
251,Harry Gallatin,8843,1959,0,8843
252,Joe Graboski,8057,1959,0,6999
253,Joe Fulks,8003,1959,0,8003
254,Max Zaslofsky,7990,1959,0,7990
255,Arnie Risen,7633,1959,0,7633
256,George Yardley,7590,1959,0,0
257,Clyde Lovellette,7527,1959,0,6518
258,Slater Martin,6940,1959,0,0
259,Bobby Wanzer,6924,1959,0,6924
260,Dolph Schayes,14987,1960,0,13298
261,Bob Cousy,13399,1960,0,11944
262,Paul Arizin,12728,1960,0,11122
263,Bill Sharman,11689,1960,0,10319
264,Ed Macauley,11234,1960,0,11234
265,Bob Pettit,10776,1960,0,8894
266,Carl Braun,10364,1960,0,9665
267,George Mikan,10156,1960,0,10156
268,Larry Foust,10093,1960,0,9216
269,Vern Mikkelsen,10063,1960,0,10063
270,Neil Johnston,10023,1960,0,10023
271,George Yardley,9063,1960,0,7590
272,Clyde Lovellette,8943,1960,0,7527
273,Harry Gallatin,8843,1960,0,8843
274,Joe Graboski,8622,1960,0,8057
275,Joe Fulks,8003,1960,0,8003
276,Max Zaslofsky,7990,1960,0,7990
277,Jack Twyman,7644,1960,0,0
278,Arnie Risen,7633,1960,0,7633
279,Slater Martin,7337,1960,0,6940
280,Dolph Schayes,16855,1961,0,14987
281,Bob Cousy,14777,1961,0,13399
282,Paul Arizin,14560,1961,0,12728
283,Bob Pettit,12896,1961,0,10776
284,Bill Sharman,12665,1961,0,11689
285,Ed Macauley,11234,1961,0,11234
286,Larry Foust,10645,1961,0,10093
287,Carl Braun,10449,1961,0,10364
288,Clyde Lovellette,10414,1961,0,8943
289,George Mikan,10156,1961,0,10156
290,Vern Mikkelsen,10063,1961,0,10063
291,Neil Johnston,10023,1961,0,10023
292,Jack Twyman,9641,1961,0,7644
293,Joe Graboski,9087,1961,0,8622
294,George Yardley,9063,1961,0,9063
295,Harry Gallatin,8843,1961,0,8843
296,Joe Fulks,8003,1961,0,8003
297,Max Zaslofsky,7990,1961,0,7990
298,Arnie Risen,7633,1961,0,7633
299,Gene Shue,7432,1961,0,0
300,Dolph Schayes,17677,1962,0,16855
301,Paul Arizin,16266,1962,0,14560
302,Bob Cousy,15952,1962,0,14777
303,Bob Pettit,15325,1962,0,12896
304,Bill Sharman,12665,1962,0,12665
305,Jack Twyman,11472,1962,0,9641
306,Clyde Lovellette,11251,1962,0,10414
307,Ed Macauley,11234,1962,0,11234
308,Larry Foust,11198,1962,0,10645
309,Carl Braun,10625,1962,0,10449
310,George Mikan,10156,1962,0,10156
311,Vern Mikkelsen,10063,1962,0,10063
312,Neil Johnston,10023,1962,0,10023
313,Wilt Chamberlain,9769,1962,0,0
314,Joe Graboski,9280,1962,0,9087
315,George Yardley,9063,1962,0,9063
316,Gene Shue,8954,1962,0,7432
317,Harry Gallatin,8843,1962,0,8843
318,Cliff Hagan,8794,1962,0,0
319,Richie Guerin,8665,1962,0,0
320,Dolph Schayes,18304,1963,0,17677
321,Bob Pettit,17566,1963,0,15325
322,Bob Cousy,16955,1963,0,15952
323,Paul Arizin,16266,1963,0,16266
324,Wilt Chamberlain,13355,1963,0,9769
325,Jack Twyman,13058,1963,0,11472
326,Bill Sharman,12665,1963,0,12665
327,Clyde Lovellette,11646,1963,0,11251
328,Ed Macauley,11234,1963,0,11234
329,Larry Foust,11198,1963,0,11198
330,Elgin Baylor,10909,1963,0,0
331,Carl Braun,10625,1963,0,10625
332,Richie Guerin,10366,1963,0,8665
333,George Mikan,10156,1963,0,10156
334,Vern Mikkelsen,10063,1963,0,10063
335,Tom Heinsohn,10025,1963,0,0
336,Neil Johnston,10023,1963,0,10023
337,Cliff Hagan,10020,1963,0,8794
338,Gene Shue,9870,1963,0,8954
339,Red Kerr,9705,1963,0,0
340,Bob Pettit,19756,1964,0,17566
341,Dolph Schayes,18438,1964,0,18304
342,Bob Cousy,16955,1964,0,16955
343,Wilt Chamberlain,16303,1964,0,13355
344,Paul Arizin,16266,1964,0,16266
345,Jack Twyman,14141,1964,0,13058
346,Elgin Baylor,12892,1964,0,10909
347,Bill Sharman,12665,1964,0,12665
348,Clyde Lovellette,11947,1964,0,11646
349,Cliff Hagan,11433,1964,0,10020
350,Richie Guerin,11415,1964,0,10366
351,Tom Heinsohn,11282,1964,0,10025
352,Ed Macauley,11234,1964,0,11234
353,Larry Foust,11198,1964,0,11198
354,Red Kerr,11045,1964,0,9705
355,Carl Braun,10625,1964,0,10625
356,George Mikan,10156,1964,0,10156
357,Gene Shue,10068,1964,0,9870
358,Vern Mikkelsen,10063,1964,0,10063
359,Neil Johnston,10023,1964,0,10023
360,Bob Pettit,20880,1965,0,19756
361,Wilt Chamberlain,18837,1965,0,16303
362,Dolph Schayes,18438,1965,0,18438
363,Bob Cousy,16955,1965,0,16955
364,Paul Arizin,16266,1965,0,16266
365,Jack Twyman,15297,1965,0,14141
366,Elgin Baylor,14901,1965,0,12892
367,Bill Sharman,12665,1965,0,12665
368,Cliff Hagan,12433,1965,0,11433
369,Richie Guerin,12236,1965,0,11415
370,Tom Heinsohn,12194,1965,0,11282
371,Clyde Lovellette,11947,1965,0,11947
372,Red Kerr,11699,1965,0,11045
373,Oscar Robertson,11620,1965,0,0
374,Ed Macauley,11234,1965,0,11234
375,Larry Foust,11198,1965,0,11198
376,Bill Russell,10703,1965,0,0
377,Carl Braun,10625,1965,0,10625
378,Willie Naulls,10545,1965,0,0
379,George Mikan,10156,1965,0,10156
380,Wilt Chamberlain,21486,1966,0,18837
381,Bob Pettit,20880,1966,0,20880
382,Dolph Schayes,18438,1966,0,18438
383,Bob Cousy,16955,1966,0,16955
384,Paul Arizin,16266,1966,0,16266
385,Elgin Baylor,15980,1966,0,14901
386,Jack Twyman,15840,1966,0,15297
387,Oscar Robertson,13998,1966,0,11620
388,Cliff Hagan,13447,1966,0,12433
389,Richie Guerin,13426,1966,0,12236
390,Bill Sharman,12665,1966,0,12665
391,Red Kerr,12480,1966,0,11699
392,Tom Heinsohn,12194,1966,0,12194
393,Jerry West,12020,1966,0,0
394,Clyde Lovellette,11947,1966,0,11947
395,Bill Russell,11708,1966,0,10703
396,Hal Greer,11506,1966,0,0
397,Willie Naulls,11305,1966,0,10545
398,Ed Macauley,11234,1966,0,11234
399,Larry Foust,11198,1966,0,11198
400,Wilt Chamberlain,23442,1967,0,21486
401,Bob Pettit,20880,1967,0,20880
402,Dolph Schayes,18438,1967,0,18438
403,Elgin Baylor,17842,1967,0,15980
404,Bob Cousy,16955,1967,0,16955
405,Oscar Robertson,16410,1967,0,13998
406,Paul Arizin,16266,1967,0,16266
407,Jack Twyman,15840,1967,0,15840
408,Richie Guerin,14518,1967,0,13426
409,Jerry West,13912,1967,0,12020
410,Cliff Hagan,13447,1967,0,13447
411,Hal Greer,13271,1967,0,11506
412,Bill Russell,12783,1967,0,11708
413,Sam Jones,12718,1967,0,0
414,Bailey Howell,12701,1967,0,0
415,Bill Sharman,12665,1967,0,12665
416,Red Kerr,12480,1967,0,12480
417,Tom Heinsohn,12194,1967,0,12194
418,Walt Bellamy,12187,1967,0,0
419,Clyde Lovellette,11947,1967,0,11947
420,Wilt Chamberlain,25434,1968,0,23442
421,Bob Pettit,20880,1968,0,20880
422,Elgin Baylor,19844,1968,0,17842
423,Dolph Schayes,18438,1968,0,18438
424,Oscar Robertson,18306,1968,0,16410
425,Bob Cousy,16955,1968,0,16955
426,Paul Arizin,16266,1968,0,16266
427,Jack Twyman,15840,1968,0,15840
428,Jerry West,15255,1968,0,13912
429,Hal Greer,15247,1968,0,13271
430,Richie Guerin,14518,1968,0,14518
431,Bailey Howell,14322,1968,0,12701
432,Sam Jones,14271,1968,0,12718
433,Bill Russell,13760,1968,0,12783
434,Walt Bellamy,13559,1968,0,12187
435,Cliff Hagan,13447,1968,0,13447
436,Bill Sharman,12665,1968,0,12665
437,Red Kerr,12480,1968,0,12480
438,Tom Heinsohn,12194,1968,0,12194
439,Clyde Lovellette,11947,1968,0,11947
440,Wilt Chamberlain,27098,1969,0,25434
441,Elgin Baylor,21725,1969,0,19844
442,Bob Pettit,20880,1969,0,20880
443,Oscar Robertson,20261,1969,0,18306
444,Dolph Schayes,18438,1969,0,18438
445,Hal Greer,17143,1969,0,15247
446,Bob Cousy,16955,1969,0,16955
447,Jerry West,16835,1969,0,15255
448,Paul Arizin,16266,1969,0,16266
449,Bailey Howell,15859,1969,0,14322
450,Jack Twyman,15840,1969,0,15840
451,Sam Jones,15411,1969,0,14271
452,Walt Bellamy,15086,1969,0,13559
453,Richie Guerin,14669,1969,0,14518
454,Bill Russell,14522,1969,0,13760
455,Cliff Hagan,13447,1969,0,13447
456,Bill Sharman,12665,1969,0,12665
457,Red Kerr,12480,1969,0,12480
458,Tom Heinsohn,12194,1969,0,12194
459,Clyde Lovellette,11947,1969,0,11947
460,Wilt Chamberlain,27426,1970,0,27098
461,Elgin Baylor,23023,1970,0,21725
462,Oscar Robertson,22009,1970,0,20261
463,Bob Pettit,20880,1970,0,20880
464,Jerry West,19144,1970,0,16835
465,Hal Greer,18905,1970,0,17143
466,Dolph Schayes,18438,1970,0,18438
467,Bob Cousy,16960,1970,0,16955
468,Bailey Howell,16892,1970,0,15859
469,Paul Arizin,16266,1970,0,16266
470,Walt Bellamy,16003,1970,0,15086
471,Jack Twyman,15840,1970,0,15840
472,Sam Jones,15411,1970,0,15411
473,Richie Guerin,14676,1970,0,14669
474,Bill Russell,14522,1970,0,14522
475,Cliff Hagan,13447,1970,0,13447
476,Dick Barnett,12907,1970,0,0
477,Bill Sharman,12665,1970,0,12665
478,John Havlicek,12608,1970,0,0
479,Red Kerr,12480,1970,0,12480
480,Wilt Chamberlain,29122,1971,0,27426
481,Oscar Robertson,23578,1971,0,22009
482,Elgin Baylor,23043,1971,0,23023
483,Jerry West,21003,1971,0,19144
484,Bob Pettit,20880,1971,0,20880
485,Hal Greer,20413,1971,0,18905
486,Dolph Schayes,18438,1971,0,18438
487,Bailey Howell,17770,1971,0,16892
488,Walt Bellamy,17205,1971,0,16003
489,Bob Cousy,16960,1971,0,16960
490,Paul Arizin,16266,1971,0,16266
491,Jack Twyman,15840,1971,0,15840
492,Sam Jones,15411,1971,0,15411
493,John Havlicek,14946,1971,0,12608
494,Richie Guerin,14676,1971,0,14676
495,Bill Russell,14522,1971,0,14522
496,Dick Barnett,14180,1971,0,12907
497,Cliff Hagan,13447,1971,0,13447
498,Lenny Wilkens,13163,1971,0,0
499,Bob Boozer,12964,1971,0,0
500,Wilt Chamberlain,30335,1972,0,29122
501,Oscar Robertson,24692,1972,0,23578
502,Elgin Baylor,23149,1972,0,23043
503,Jerry West,22988,1972,0,21003
504,Hal Greer,21372,1972,0,20413
505,Bob Pettit,20880,1972,0,20880
506,Walt Bellamy,18731,1972,0,17205
507,Dolph Schayes,18438,1972,0,18438
508,Bailey Howell,17770,1972,0,17770
509,John Havlicek,17198,1972,0,14946
510,Bob Cousy,16960,1972,0,16960
511,Paul Arizin,16266,1972,0,16266
512,Jack Twyman,15840,1972,0,15840
513,Sam Jones,15411,1972,0,15411
514,Dick Barnett,15144,1972,0,14180
515,Richie Guerin,14676,1972,0,14676
516,Lenny Wilkens,14601,1972,0,13163
517,Bill Russell,14522,1972,0,14522
518,Chet Walker,14217,1972,0,0
519,Cliff Hagan,13447,1972,0,13447
520,Wilt Chamberlain,31419,1973,0,30335
521,Oscar Robertson,25822,1973,0,24692
522,Jerry West,24563,1973,0,22988
523,Elgin Baylor,23149,1973,0,23149
524,Hal Greer,21586,1973,0,21372
525,Bob Pettit,20880,1973,0,20880
526,Walt Bellamy,19924,1973,0,18731
527,John Havlicek,19100,1973,0,17198
528,Dolph Schayes,18438,1973,0,18438
529,Bailey Howell,17770,1973,0,17770
530,Bob Cousy,16960,1973,0,16960
531,Paul Arizin,16266,1973,0,16266
532,Lenny Wilkens,16139,1973,0,14601
533,Jack Twyman,15840,1973,0,15840
534,Chet Walker,15787,1973,0,14217
535,Sam Jones,15411,1973,0,15411
536,Dick Barnett,15336,1973,0,15144
537,Richie Guerin,14676,1973,0,14676
538,Bill Russell,14522,1973,0,14522
539,Jerry Lucas,13598,1973,0,0
540,Wilt Chamberlain,31419,1974,0,31419
541,Oscar Robertson,26710,1974,0,25822
542,Jerry West,25192,1974,0,24563
543,Elgin Baylor,23149,1974,0,23149
544,Hal Greer,21586,1974,0,21586
545,Walt Bellamy,20935,1974,0,19924
546,Bob Pettit,20880,1974,0,20880
547,John Havlicek,20816,1974,0,19100
548,Dolph Schayes,18438,1974,0,18438
549,Bailey Howell,17770,1974,0,17770
550,Chet Walker,17370,1974,0,15787
551,Lenny Wilkens,17352,1974,0,16139
552,Bob Cousy,16960,1974,0,16960
553,Paul Arizin,16266,1974,0,16266
554,Jack Twyman,15840,1974,0,15840
555,Sam Jones,15411,1974,0,15411
556,Dick Barnett,15358,1974,0,15336
557,Richie Guerin,14676,1974,0,14676
558,Bill Russell,14522,1974,0,14522
559,Dave DeBusschere,14053,1974,0,0
560,Wilt Chamberlain,31419,1975,0,31419
561,Oscar Robertson,26710,1975,0,26710
562,Jerry West,25192,1975,0,25192
563,Elgin Baylor,23149,1975,0,23149
564,John Havlicek,22389,1975,0,20816
565,Hal Greer,21586,1975,0,21586
566,Walt Bellamy,20941,1975,0,20935
567,Bob Pettit,20880,1975,0,20880
568,Chet Walker,18831,1975,0,17370
569,Dolph Schayes,18438,1975,0,18438
570,Lenny Wilkens,17772,1975,0,17352
571,Bailey Howell,17770,1975,0,17770
572,Bob Cousy,16960,1975,0,16960
573,Paul Arizin,16266,1975,0,16266
574,Jack Twyman,15840,1975,0,15840
575,Sam Jones,15411,1975,0,15411
576,Dick Barnett,15358,1975,0,15358
577,Dave Bing,15235,1975,0,0
578,Gail Goodrich,15140,1975,0,0
579,Richie Guerin,14676,1975,0,14676
580,Wilt Chamberlain,31419,1976,0,31419
581,Oscar Robertson,26710,1976,0,26710
582,Jerry West,25192,1976,0,25192
583,John Havlicek,23678,1976,0,22389
584,Elgin Baylor,23149,1976,0,23149
585,Hal Greer,21586,1976,0,21586
586,Walt Bellamy,20941,1976,0,20941
587,Bob Pettit,20880,1976,0,20880
588,Chet Walker,18831,1976,0,18831
589,Dolph Schayes,18438,1976,0,18438
590,Lenny Wilkens,17772,1976,0,17772
591,Bailey Howell,17770,1976,0,17770
592,Bob Cousy,16960,1976,0,16960
593,Gail Goodrich,16599,1976,0,15140
594,Dave Bing,16561,1976,0,15235
595,Kareem Abdul-Jabbar,16486,1976,0,0
596,Paul Arizin,16266,1976,0,16266
597,Elvin Hayes,15920,1976,0,0
598,Jack Twyman,15840,1976,0,15840
599,Sam Jones,15411,1976,0,15411
600,Wilt Chamberlain,31419,1977,0,31419
601,Oscar Robertson,26710,1977,0,26710
602,Jerry West,25192,1977,0,25192
603,John Havlicek,25073,1977,0,23678
604,Elgin Baylor,23149,1977,0,23149
605,Hal Greer,21586,1977,0,21586
606,Walt Bellamy,20941,1977,0,20941
607,Bob Pettit,20880,1977,0,20880
608,Chet Walker,18831,1977,0,18831
609,Kareem Abdul-Jabbar,18638,1977,0,16486
610,Dolph Schayes,18438,1977,0,18438
611,Elvin Hayes,17862,1977,0,15920
612,Lenny Wilkens,17772,1977,0,17772
613,Bailey Howell,17770,1977,0,17770
614,Dave Bing,17239,1977,0,16561
615,Bob Cousy,16960,1977,0,16960
616,Gail Goodrich,16939,1977,0,16599
617,Paul Arizin,16266,1977,0,16266
618,Lou Hudson,16049,1977,0,0
619,Jack Twyman,15840,1977,0,15840
620,Wilt Chamberlain,31419,1978,0,31419
621,Oscar Robertson,26710,1978,0,26710
622,John Havlicek,26395,1978,0,25073
623,Jerry West,25192,1978,0,25192
624,Elgin Baylor,23149,1978,0,23149
625,Hal Greer,21586,1978,0,21586
626,Walt Bellamy,20941,1978,0,20941
627,Bob Pettit,20880,1978,0,20880
628,Kareem Abdul-Jabbar,20238,1978,0,18638
629,Elvin Hayes,19460,1978,0,17862
630,Chet Walker,18831,1978,0,18831
631,Dolph Schayes,18438,1978,0,18438
632,Dave Bing,18327,1978,0,17239
633,Gail Goodrich,18243,1978,0,16939
634,Lenny Wilkens,17772,1978,0,17772
635,Bailey Howell,17770,1978,0,17770
636,Lou Hudson,17172,1978,0,16049
637,Bob Cousy,16960,1978,0,16960
638,Rick Barry,16447,1978,0,0
639,Earl Monroe,16289,1978,0,0
640,Wilt Chamberlain,31419,1979,0,31419
641,Oscar Robertson,26710,1979,0,26710
642,John Havlicek,26395,1979,0,26395
643,Jerry West,25192,1979,0,25192
644,Elgin Baylor,23149,1979,0,23149
645,Kareem Abdul-Jabbar,22141,1979,0,20238
646,Hal Greer,21586,1979,0,21586
647,Elvin Hayes,21249,1979,0,19460
648,Walt Bellamy,20941,1979,0,20941
649,Bob Pettit,20880,1979,0,20880
650,Gail Goodrich,19181,1979,0,18243
651,Chet Walker,18831,1979,0,18831
652,Dolph Schayes,18438,1979,0,18438
653,Dave Bing,18327,1979,0,18327
654,Lou Hudson,17940,1979,0,17172
655,Lenny Wilkens,17772,1979,0,17772
656,Bailey Howell,17770,1979,0,17770
657,Rick Barry,17529,1979,0,16447
658,Earl Monroe,17076,1979,0,16289
659,Bob Cousy,16960,1979,0,16960
660,Wilt Chamberlain,31419,1980,0,31419
661,Oscar Robertson,26710,1980,0,26710
662,John Havlicek,26395,1980,0,26395
663,Jerry West,25192,1980,0,25192
664,Kareem Abdul-Jabbar,24175,1980,0,22141
665,Elgin Baylor,23149,1980,0,23149
666,Elvin Hayes,23108,1980,0,21249
667,Hal Greer,21586,1980,0,21586
668,Walt Bellamy,20941,1980,0,20941
669,Bob Pettit,20880,1980,0,20880
670,Gail Goodrich,19181,1980,0,19181
671,Chet Walker,18831,1980,0,18831
672,Dolph Schayes,18438,1980,0,18438
673,Rick Barry,18395,1980,0,17529
674,Dave Bing,18327,1980,0,18327
675,Lou Hudson,17940,1980,0,17940
676,Lenny Wilkens,17772,1980,0,17772
677,Bailey Howell,17770,1980,0,17770
678,Earl Monroe,17454,1980,0,17076
679,Bob Cousy,16960,1980,0,16960
680,Wilt Chamberlain,31419,1981,0,31419
681,Oscar Robertson,26710,1981,0,26710
682,John Havlicek,26395,1981,0,26395
683,Kareem Abdul-Jabbar,26270,1981,0,24175
684,Jerry West,25192,1981,0,25192
685,Elvin Hayes,24547,1981,0,23108
686,Elgin Baylor,23149,1981,0,23149
687,Hal Greer,21586,1981,0,21586
688,Walt Bellamy,20941,1981,0,20941
689,Bob Pettit,20880,1981,0,20880
690,Gail Goodrich,19181,1981,0,19181
691,Chet Walker,18831,1981,0,18831
692,Dolph Schayes,18438,1981,0,18438
693,Rick Barry,18395,1981,0,18395
694,Dave Bing,18327,1981,0,18327
695,Lou Hudson,17940,1981,0,17940
696,Lenny Wilkens,17772,1981,0,17772
697,Bailey Howell,17770,1981,0,17770
698,Earl Monroe,17454,1981,0,17454
699,Bob Cousy,16960,1981,0,16960
700,Wilt Chamberlain,31419,1982,0,31419
701,Kareem Abdul-Jabbar,28088,1982,0,26270
702,Oscar Robertson,26710,1982,0,26710
703,John Havlicek,26395,1982,0,26395
704,Elvin Hayes,25865,1982,0,24547
705,Jerry West,25192,1982,0,25192
706,Elgin Baylor,23149,1982,0,23149
707,Hal Greer,21586,1982,0,21586
708,Walt Bellamy,20941,1982,0,20941
709,Bob Pettit,20880,1982,0,20880
710,Gail Goodrich,19181,1982,0,19181
711,Chet Walker,18831,1982,0,18831
712,Dolph Schayes,18438,1982,0,18438
713,Rick Barry,18395,1982,0,18395
714,Dave Bing,18327,1982,0,18327
715,Lou Hudson,17940,1982,0,17940
716,Bob Lanier,17853,1982,0,0
717,Lenny Wilkens,17772,1982,0,17772
718,Bailey Howell,17770,1982,0,17770
719,Earl Monroe,17454,1982,0,17454
720,Wilt Chamberlain,31419,1983,0,31419
721,Kareem Abdul-Jabbar,29810,1983,0,28088
722,Elvin Hayes,26911,1983,0,25865
723,Oscar Robertson,26710,1983,0,26710
724,John Havlicek,26395,1983,0,26395
725,Jerry West,25192,1983,0,25192
726,Elgin Baylor,23149,1983,0,23149
727,Hal Greer,21586,1983,0,21586
728,Walt Bellamy,20941,1983,0,20941
729,Bob Pettit,20880,1983,0,20880
730,Gail Goodrich,19181,1983,0,19181
731,Chet Walker,18831,1983,0,18831
732,Dolph Schayes,18438,1983,0,18438
733,Rick Barry,18395,1983,0,18395
734,Dave Bing,18327,1983,0,18327
735,Bob Lanier,18270,1983,0,17853
736,Calvin Murphy,17949,1983,0,0
737,Lou Hudson,17940,1983,0,17940
738,Lenny Wilkens,17772,1983,0,17772
739,Bailey Howell,17770,1983,0,17770
740,Kareem Abdul-Jabbar,31527,1984,0,29810
741,Wilt Chamberlain,31419,1984,0,31419
742,Elvin Hayes,27313,1984,0,26911
743,Oscar Robertson,26710,1984,0,26710
744,John Havlicek,26395,1984,0,26395
745,Jerry West,25192,1984,0,25192
746,Elgin Baylor,23149,1984,0,23149
747,Hal Greer,21586,1984,0,21586
748,Walt Bellamy,20941,1984,0,20941
749,Bob Pettit,20880,1984,0,20880
750,Bob Lanier,19248,1984,0,18270
751,Gail Goodrich,19181,1984,0,19181
752,Chet Walker,18831,1984,0,18831
753,Dolph Schayes,18438,1984,0,18438
754,Rick Barry,18395,1984,0,18395
755,Dave Bing,18327,1984,0,18327
756,Calvin Murphy,17949,1984,0,17949
757,Lou Hudson,17940,1984,0,17940
758,George Gervin,17859,1984,0,0
759,Bob McAdoo,17803,1984,0,0
760,Kareem Abdul-Jabbar,33262,1985,0,31527
761,Wilt Chamberlain,31419,1985,0,31419
762,Elvin Hayes,27313,1985,0,27313
763,Oscar Robertson,26710,1985,0,26710
764,John Havlicek,26395,1985,0,26395
765,Jerry West,25192,1985,0,25192
766,Elgin Baylor,23149,1985,0,23149
767,Hal Greer,21586,1985,0,21586
768,Walt Bellamy,20941,1985,0,20941
769,Bob Pettit,20880,1985,0,20880
770,George Gervin,19383,1985,0,17859
771,Bob Lanier,19248,1985,0,19248
772,Gail Goodrich,19181,1985,0,19181
773,Chet Walker,18831,1985,0,18831
774,Bob McAdoo,18493,1985,0,17803
775,Dolph Schayes,18438,1985,0,18438
776,Rick Barry,18395,1985,0,18395
777,Dave Bing,18327,1985,0,18327
778,Calvin Murphy,17949,1985,0,17949
779,Lou Hudson,17940,1985,0,17940
780,Kareem Abdul-Jabbar,35108,1986,0,33262
781,Wilt Chamberlain,31419,1986,0,31419
782,Elvin Hayes,27313,1986,0,27313
783,Oscar Robertson,26710,1986,0,26710
784,John Havlicek,26395,1986,0,26395
785,Jerry West,25192,1986,0,25192
786,Elgin Baylor,23149,1986,0,23149
787,Hal Greer,21586,1986,0,21586
788,Walt Bellamy,20941,1986,0,20941
789,Bob Pettit,20880,1986,0,20880
790,George Gervin,20708,1986,0,19383
791,Bob Lanier,19248,1986,0,19248
792,Gail Goodrich,19181,1986,0,19181
793,Chet Walker,18831,1986,0,18831
794,Bob McAdoo,18787,1986,0,18493
795,Dolph Schayes,18438,1986,0,18438
796,Rick Barry,18395,1986,0,18395
797,Moses Malone,18336,1986,0,0
798,Dave Bing,18327,1986,0,18327
799,Calvin Murphy,17949,1986,0,17949
800,Kareem Abdul-Jabbar,36474,1987,0,35108
801,Wilt Chamberlain,31419,1987,0,31419
802,Elvin Hayes,27313,1987,0,27313
803,Oscar Robertson,26710,1987,0,26710
804,John Havlicek,26395,1987,0,26395
805,Jerry West,25192,1987,0,25192
806,Elgin Baylor,23149,1987,0,23149
807,Hal Greer,21586,1987,0,21586
808,Walt Bellamy,20941,1987,0,20941
809,Bob Pettit,20880,1987,0,20880
810,George Gervin,20708,1987,0,20708
811,Moses Malone,20096,1987,0,18336
812,Adrian Dantley,19678,1987,0,0
813,Bob Lanier,19248,1987,0,19248
814,Alex English,19242,1987,0,0
815,Gail Goodrich,19181,1987,0,19181
816,Chet Walker,18831,1987,0,18831
817,Bob McAdoo,18787,1987,0,18787
818,Dolph Schayes,18438,1987,0,18438
819,Rick Barry,18395,1987,0,18395
820,Kareem Abdul-Jabbar,37639,1988,0,36474
821,Wilt Chamberlain,31419,1988,0,31419
822,Elvin Hayes,27313,1988,0,27313
823,Oscar Robertson,26710,1988,0,26710
824,John Havlicek,26395,1988,0,26395
825,Jerry West,25192,1988,0,25192
826,Elgin Baylor,23149,1988,0,23149
827,Moses Malone,21703,1988,0,20096
828,Hal Greer,21586,1988,0,21586
829,Alex English,21242,1988,0,19242
830,Adrian Dantley,21058,1988,0,19678
831,Walt Bellamy,20941,1988,0,20941
832,Bob Pettit,20880,1988,0,20880
833,George Gervin,20708,1988,0,20708
834,Bob Lanier,19248,1988,0,19248
835,Gail Goodrich,19181,1988,0,19181
836,Chet Walker,18831,1988,0,18831
837,Bob McAdoo,18787,1988,0,18787
838,Dolph Schayes,18438,1988,0,18438
839,Rick Barry,18395,1988,0,18395
840,Kareem Abdul-Jabbar,38387,1989,0,37639
841,Wilt Chamberlain,31419,1989,0,31419
842,Elvin Hayes,27313,1989,0,27313
843,Oscar Robertson,26710,1989,0,26710
844,John Havlicek,26395,1989,0,26395
845,Jerry West,25192,1989,0,25192
846,Alex English,23417,1989,0,21242
847,Moses Malone,23340,1989,0,21703
848,Elgin Baylor,23149,1989,0,23149
849,Adrian Dantley,22458,1989,0,21058
850,Hal Greer,21586,1989,0,21586
851,Walt Bellamy,20941,1989,0,20941
852,Bob Pettit,20880,1989,0,20880
853,George Gervin,20708,1989,0,20708
854,Bob Lanier,19248,1989,0,19248
855,Gail Goodrich,19181,1989,0,19181
856,Chet Walker,18831,1989,0,18831
857,Bob McAdoo,18787,1989,0,18787
858,Dolph Schayes,18438,1989,0,18438
859,Rick Barry,18395,1989,0,18395
860,Kareem Abdul-Jabbar,38387,1990,0,38387
861,Wilt Chamberlain,31419,1990,0,31419
862,Elvin Hayes,27313,1990,0,27313
863,Oscar Robertson,26710,1990,0,26710
864,John Havlicek,26395,1990,0,26395
865,Jerry West,25192,1990,0,25192
866,Moses Malone,24868,1990,0,23340
867,Alex English,24850,1990,0,23417
868,Elgin Baylor,23149,1990,0,23149
869,Adrian Dantley,23120,1990,0,22458
870,Hal Greer,21586,1990,0,21586
871,Walt Bellamy,20941,1990,0,20941
872,Bob Pettit,20880,1990,0,20880
873,George Gervin,20708,1990,0,20708
874,Larry Bird,19719,1990,0,0
875,Bob Lanier,19248,1990,0,19248
876,Gail Goodrich,19181,1990,0,19181
877,Chet Walker,18831,1990,0,18831
878,Bob McAdoo,18787,1990,0,18787
879,Dolph Schayes,18438,1990,0,18438
880,Kareem Abdul-Jabbar,38387,1991,0,38387
881,Wilt Chamberlain,31419,1991,0,31419
882,Elvin Hayes,27313,1991,0,27313
883,Oscar Robertson,26710,1991,0,26710
884,John Havlicek,26395,1991,0,26395
885,Moses Malone,25737,1991,0,24868
886,Alex English,25613,1991,0,24850
887,Jerry West,25192,1991,0,25192
888,Adrian Dantley,23177,1991,0,23120
889,Elgin Baylor,23149,1991,0,23149
890,Hal Greer,21586,1991,0,21586
891,Walt Bellamy,20941,1991,0,20941
892,Larry Bird,20883,1991,0,19719
893,Bob Pettit,20880,1991,0,20880
894,George Gervin,20708,1991,0,20708
895,Robert Parish,19519,1991,0,0
896,Bernard King,19432,1991,0,0
897,Bob Lanier,19248,1991,0,19248
898,Gail Goodrich,19181,1991,0,19181
899,Walter Davis,19064,1991,0,0
900,Kareem Abdul-Jabbar,38387,1992,0,38387
901,Wilt Chamberlain,31419,1992,0,31419
902,Elvin Hayes,27313,1992,0,27313
903,Moses Malone,27016,1992,0,25737
904,Oscar Robertson,26710,1992,0,26710
905,John Havlicek,26395,1992,0,26395
906,Alex English,25613,1992,0,25613
907,Jerry West,25192,1992,0,25192
908,Adrian Dantley,23177,1992,0,23177
909,Elgin Baylor,23149,1992,0,23149
910,Larry Bird,21791,1992,0,20883
911,Hal Greer,21586,1992,0,21586
912,Walt Bellamy,20941,1992,0,20941
913,Bob Pettit,20880,1992,0,20880
914,George Gervin,20708,1992,0,20708
915,Robert Parish,20634,1992,0,19519
916,Dominique Wilkins,19975,1992,0,0
917,Walter Davis,19521,1992,0,19064
918,Bernard King,19432,1992,0,19432
919,Bob Lanier,19248,1992,0,19248
920,Kareem Abdul-Jabbar,38387,1993,0,38387
921,Wilt Chamberlain,31419,1993,0,31419
922,Elvin Hayes,27313,1993,0,27313
923,Moses Malone,27066,1993,0,27016
924,Oscar Robertson,26710,1993,0,26710
925,John Havlicek,26395,1993,0,26395
926,Alex English,25613,1993,0,25613
927,Jerry West,25192,1993,0,25192
928,Adrian Dantley,23177,1993,0,23177
929,Elgin Baylor,23149,1993,0,23149
930,Dominique Wilkins,22096,1993,0,19975
931,Larry Bird,21791,1993,0,21791
932,Robert Parish,21628,1993,0,20634
933,Hal Greer,21586,1993,0,21586
934,Michael Jordan,21541,1993,0,0
935,Walt Bellamy,20941,1993,0,20941
936,Bob Pettit,20880,1993,0,20880
937,George Gervin,20708,1993,0,20708
938,Bernard King,19655,1993,0,19432
939,Walter Davis,19521,1993,0,19521
940,Kareem Abdul-Jabbar,38387,1994,0,38387
941,Wilt Chamberlain,31419,1994,0,31419
942,Moses Malone,27360,1994,0,27066
943,Elvin Hayes,27313,1994,0,27313
944,Oscar Robertson,26710,1994,0,26710
945,John Havlicek,26395,1994,0,26395
946,Alex English,25613,1994,0,25613
947,Jerry West,25192,1994,0,25192
948,Dominique Wilkins,24019,1994,0,22096
949,Adrian Dantley,23177,1994,0,23177
950,Elgin Baylor,23149,1994,0,23149
951,Robert Parish,22494,1994,0,21628
952,Larry Bird,21791,1994,0,21791
953,Hal Greer,21586,1994,0,21586
954,Michael Jordan,21541,1994,0,21541
955,Walt Bellamy,20941,1994,0,20941
956,Bob Pettit,20880,1994,0,20880
957,George Gervin,20708,1994,0,20708
958,Bernard King,19655,1994,0,19655
959,Tom Chambers,19521,1994,0,0
960,Kareem Abdul-Jabbar,38387,1995,0,38387
961,Wilt Chamberlain,31419,1995,0,31419
962,Moses Malone,27409,1995,0,27360
963,Elvin Hayes,27313,1995,0,27313
964,Oscar Robertson,26710,1995,0,26710
965,John Havlicek,26395,1995,0,26395
966,Alex English,25613,1995,0,25613
967,Dominique Wilkins,25389,1995,0,24019
968,Jerry West,25192,1995,0,25192
969,Adrian Dantley,23177,1995,0,23177
970,Elgin Baylor,23149,1995,0,23149
971,Robert Parish,22883,1995,0,22494
972,Michael Jordan,21998,1995,0,21541
973,Larry Bird,21791,1995,0,21791
974,Hal Greer,21586,1995,0,21586
975,Karl Malone,21237,1995,0,0
976,Walt Bellamy,20941,1995,0,20941
977,Bob Pettit,20880,1995,0,20880
978,George Gervin,20708,1995,0,20708
979,Tom Chambers,20024,1995,0,19521
980,Kareem Abdul-Jabbar,38387,1996,0,38387
981,Wilt Chamberlain,31419,1996,0,31419
982,Moses Malone,27409,1996,0,27409
983,Elvin Hayes,27313,1996,0,27313
984,Oscar Robertson,26710,1996,0,26710
985,John Havlicek,26395,1996,0,26395
986,Alex English,25613,1996,0,25613
987,Dominique Wilkins,25389,1996,0,25389
988,Jerry West,25192,1996,0,25192
989,Michael Jordan,24489,1996,0,21998
990,Karl Malone,23343,1996,0,21237
991,Adrian Dantley,23177,1996,0,23177
992,Robert Parish,23173,1996,0,22883
993,Elgin Baylor,23149,1996,0,23149
994,Hakeem Olajuwon,21840,1996,0,0
995,Larry Bird,21791,1996,0,21791
996,Hal Greer,21586,1996,0,21586
997,Walt Bellamy,20941,1996,0,20941
998,Bob Pettit,20880,1996,0,20880
999,Charles Barkley,20740,1996,0,0
1000,Kareem Abdul-Jabbar,38387,1997,0,38387
1001,Wilt Chamberlain,31419,1997,0,31419
1002,Moses Malone,27409,1997,0,27409
1003,Elvin Hayes,27313,1997,0,27313
1004,Michael Jordan,26920,1997,0,24489
1005,Oscar Robertson,26710,1997,0,26710
1006,Dominique Wilkins,26534,1997,0,25389
1007,John Havlicek,26395,1997,0,26395
1008,Alex English,25613,1997,0,25613
1009,Karl Malone,25592,1997,0,23343
1010,Jerry West,25192,1997,0,25192
1011,Hakeem Olajuwon,23650,1997,0,21840
1012,Robert Parish,23334,1997,0,23173
1013,Adrian Dantley,23177,1997,0,23177
1014,Elgin Baylor,23149,1997,0,23149
1015,Larry Bird,21791,1997,0,21791
1016,Charles Barkley,21756,1997,0,20740
1017,Hal Greer,21586,1997,0,21586
1018,Patrick Ewing,21539,1997,0,0
1019,Walt Bellamy,20941,1997,0,20941
1020,Kareem Abdul-Jabbar,38387,1998,0,38387
1021,Wilt Chamberlain,31419,1998,0,31419
1022,Michael Jordan,29277,1998,0,26920
1023,Karl Malone,27782,1998,0,25592
1024,Moses Malone,27409,1998,0,27409
1025,Elvin Hayes,27313,1998,0,27313
1026,Oscar Robertson,26710,1998,0,26710
1027,Dominique Wilkins,26534,1998,0,26534
1028,John Havlicek,26395,1998,0,26395
1029,Alex English,25613,1998,0,25613
1030,Jerry West,25192,1998,0,25192
1031,Hakeem Olajuwon,24422,1998,0,23650
1032,Robert Parish,23334,1998,0,23334
1033,Adrian Dantley,23177,1998,0,23177
1034,Elgin Baylor,23149,1998,0,23149
1035,Charles Barkley,22792,1998,0,21756
1036,Clyde Drexler,22195,1998,0,0
1037,Patrick Ewing,22079,1998,0,21539
1038,Larry Bird,21791,1998,0,21791
1039,Hal Greer,21586,1998,0,21586
1040,Kareem Abdul-Jabbar,38387,1999,0,38387
1041,Wilt Chamberlain,31419,1999,0,31419
1042,Michael Jordan,29277,1999,0,29277
1043,Karl Malone,28946,1999,0,27782
1044,Moses Malone,27409,1999,0,27409
1045,Elvin Hayes,27313,1999,0,27313
1046,Oscar Robertson,26710,1999,0,26710
1047,Dominique Wilkins,26668,1999,0,26534
1048,John Havlicek,26395,1999,0,26395
1049,Alex English,25613,1999,0,25613
1050,Hakeem Olajuwon,25367,1999,0,24422
1051,Jerry West,25192,1999,0,25192
1052,Charles Barkley,23468,1999,0,22792
1053,Robert Parish,23334,1999,0,23334
1054,Adrian Dantley,23177,1999,0,23177
1055,Elgin Baylor,23149,1999,0,23149
1056,Patrick Ewing,22736,1999,0,22079
1057,Clyde Drexler,22195,1999,0,22195
1058,Larry Bird,21791,1999,0,21791
1059,Hal Greer,21586,1999,0,21586
1060,Kareem Abdul-Jabbar,38387,2000,0,38387
1061,Wilt Chamberlain,31419,2000,0,31419
1062,Karl Malone,31041,2000,0,28946
1063,Michael Jordan,29277,2000,0,29277
1064,Moses Malone,27409,2000,0,27409
1065,Elvin Hayes,27313,2000,0,27313
1066,Oscar Robertson,26710,2000,0,26710
1067,Dominique Wilkins,26668,2000,0,26668
1068,John Havlicek,26395,2000,0,26395
1069,Hakeem Olajuwon,25822,2000,0,25367
1070,Alex English,25613,2000,0,25613
1071,Jerry West,25192,2000,0,25192
1072,Charles Barkley,23757,2000,0,23468
1073,Patrick Ewing,23665,2000,0,22736
1074,Robert Parish,23334,2000,0,23334
1075,Adrian Dantley,23177,2000,0,23177
1076,Elgin Baylor,23149,2000,0,23149
1077,Clyde Drexler,22195,2000,0,22195
1078,Larry Bird,21791,2000,0,21791
1079,Hal Greer,21586,2000,0,21586
1080,Kareem Abdul-Jabbar,38387,2001,0,38387
1081,Karl Malone,32919,2001,0,31041
1082,Wilt Chamberlain,31419,2001,0,31419
1083,Michael Jordan,29277,2001,0,29277
1084,Moses Malone,27409,2001,0,27409
1085,Elvin Hayes,27313,2001,0,27313
1086,Oscar Robertson,26710,2001,0,26710
1087,Dominique Wilkins,26668,2001,0,26668
1088,Hakeem Olajuwon,26511,2001,0,25822
1089,John Havlicek,26395,2001,0,26395
1090,Alex English,25613,2001,0,25613
1091,Jerry West,25192,2001,0,25192
1092,Patrick Ewing,24425,2001,0,23665
1093,Charles Barkley,23757,2001,0,23757
1094,Robert Parish,23334,2001,0,23334
1095,Adrian Dantley,23177,2001,0,23177
1096,Elgin Baylor,23149,2001,0,23149
1097,Clyde Drexler,22195,2001,0,22195
1098,Larry Bird,21791,2001,0,21791
1099,Hal Greer,21586,2001,0,21586
1100,Kareem Abdul-Jabbar,38387,2002,0,38387
1101,Karl Malone,34707,2002,0,32919
1102,Wilt Chamberlain,31419,2002,0,31419
1103,Michael Jordan,30652,2002,0,29277
1104,Moses Malone,27409,2002,0,27409
1105,Elvin Hayes,27313,2002,0,27313
1106,Hakeem Olajuwon,26946,2002,0,26511
1107,Oscar Robertson,26710,2002,0,26710
1108,Dominique Wilkins,26668,2002,0,26668
1109,John Havlicek,26395,2002,0,26395
1110,Alex English,25613,2002,0,25613
1111,Jerry West,25192,2002,0,25192
1112,Patrick Ewing,24815,2002,0,24425
1113,Charles Barkley,23757,2002,0,23757
1114,Robert Parish,23334,2002,0,23334
1115,Adrian Dantley,23177,2002,0,23177
1116,Elgin Baylor,23149,2002,0,23149
1117,Reggie Miller,22623,2002,0,0
1118,Clyde Drexler,22195,2002,0,22195
1119,Larry Bird,21791,2002,0,21791
1120,Kareem Abdul-Jabbar,38387,2003,0,38387
1121,Karl Malone,36374,2003,0,34707
1122,Michael Jordan,32292,2003,0,30652
1123,Wilt Chamberlain,31419,2003,0,31419
1124,Moses Malone,27409,2003,0,27409
1125,Elvin Hayes,27313,2003,0,27313
1126,Hakeem Olajuwon,26946,2003,0,26946
1127,Oscar Robertson,26710,2003,0,26710
1128,Dominique Wilkins,26668,2003,0,26668
1129,John Havlicek,26395,2003,0,26395
1130,Alex English,25613,2003,0,25613
1131,Jerry West,25192,2003,0,25192
1132,Patrick Ewing,24815,2003,0,24815
1133,Charles Barkley,23757,2003,0,23757
1134,Reggie Miller,23505,2003,0,22623
1135,Robert Parish,23334,2003,0,23334
1136,Adrian Dantley,23177,2003,0,23177
1137,Elgin Baylor,23149,2003,0,23149
1138,Clyde Drexler,22195,2003,0,22195
1139,Larry Bird,21791,2003,0,21791
1140,Kareem Abdul-Jabbar,38387,2004,0,38387
1141,Karl Malone,36928,2004,0,36374
1142,Michael Jordan,32292,2004,0,32292
1143,Wilt Chamberlain,31419,2004,0,31419
1144,Moses Malone,27409,2004,0,27409
1145,Elvin Hayes,27313,2004,0,27313
1146,Hakeem Olajuwon,26946,2004,0,26946
1147,Oscar Robertson,26710,2004,0,26710
1148,Dominique Wilkins,26668,2004,0,26668
1149,John Havlicek,26395,2004,0,26395
1150,Alex English,25613,2004,0,25613
1151,Jerry West,25192,2004,0,25192
1152,Patrick Ewing,24815,2004,0,24815
1153,Reggie Miller,24305,2004,0,23505
1154,Charles Barkley,23757,2004,0,23757
1155,Robert Parish,23334,2004,0,23334
1156,Adrian Dantley,23177,2004,0,23177
1157,Elgin Baylor,23149,2004,0,23149
1158,Clyde Drexler,22195,2004,0,22195
1159,Shaquille O'Neal,21914,2004,0,0
1160,Kareem Abdul-Jabbar,38387,2005,0,38387
1161,Karl Malone,36928,2005,0,36928
1162,Michael Jordan,32292,2005,0,32292
1163,Wilt Chamberlain,31419,2005,0,31419
1164,Moses Malone,27409,2005,0,27409
1165,Elvin Hayes,27313,2005,0,27313
1166,Hakeem Olajuwon,26946,2005,0,26946
1167,Oscar Robertson,26710,2005,0,26710
1168,Dominique Wilkins,26668,2005,0,26668
1169,John Havlicek,26395,2005,0,26395
1170,Alex English,25613,2005,0,25613
1171,Reggie Miller,25279,2005,0,24305
1172,Jerry West,25192,2005,0,25192
1173,Patrick Ewing,24815,2005,0,24815
1174,Charles Barkley,23757,2005,0,23757
1175,Shaquille O'Neal,23583,2005,0,21914
1176,Robert Parish,23334,2005,0,23334
1177,Adrian Dantley,23177,2005,0,23177
1178,Elgin Baylor,23149,2005,0,23149
1179,Clyde Drexler,22195,2005,0,22195
1180,Kareem Abdul-Jabbar,38387,2006,0,38387
1181,Karl Malone,36928,2006,0,36928
1182,Michael Jordan,32292,2006,0,32292
1183,Wilt Chamberlain,31419,2006,0,31419
1184,Moses Malone,27409,2006,0,27409
1185,Elvin Hayes,27313,2006,0,27313
1186,Hakeem Olajuwon,26946,2006,0,26946
1187,Oscar Robertson,26710,2006,0,26710
1188,Dominique Wilkins,26668,2006,0,26668
1189,John Havlicek,26395,2006,0,26395
1190,Alex English,25613,2006,0,25613
1191,Reggie Miller,25279,2006,0,25279
1192,Jerry West,25192,2006,0,25192
1193,Patrick Ewing,24815,2006,0,24815
1194,Shaquille O'Neal,24764,2006,0,23583
1195,Charles Barkley,23757,2006,0,23757
1196,Robert Parish,23334,2006,0,23334
1197,Adrian Dantley,23177,2006,0,23177
1198,Elgin Baylor,23149,2006,0,23149
1199,Clyde Drexler,22195,2006,0,22195
1200,Kareem Abdul-Jabbar,38387,2007,0,38387
1201,Karl Malone,36928,2007,0,36928
1202,Michael Jordan,32292,2007,0,32292
1203,Wilt Chamberlain,31419,2007,0,31419
1204,Moses Malone,27409,2007,0,27409
1205,Elvin Hayes,27313,2007,0,27313
1206,Hakeem Olajuwon,26946,2007,0,26946
1207,Oscar Robertson,26710,2007,0,26710
1208,Dominique Wilkins,26668,2007,0,26668
1209,John Havlicek,26395,2007,0,26395
1210,Alex English,25613,2007,0,25613
1211,Shaquille O'Neal,25454,2007,0,24764
1212,Reggie Miller,25279,2007,0,25279
1213,Jerry West,25192,2007,0,25192
1214,Patrick Ewing,24815,2007,0,24815
1215,Charles Barkley,23757,2007,0,23757
1216,Robert Parish,23334,2007,0,23334
1217,Adrian Dantley,23177,2007,0,23177
1218,Elgin Baylor,23149,2007,0,23149
1219,Clyde Drexler,22195,2007,0,22195
1220,Kareem Abdul-Jabbar,38387,2008,0,38387
1221,Karl Malone,36928,2008,0,36928
1222,Michael Jordan,32292,2008,0,32292
1223,Wilt Chamberlain,31419,2008,0,31419
1224,Moses Malone,27409,2008,0,27409
1225,Elvin Hayes,27313,2008,0,27313
1226,Hakeem Olajuwon,26946,2008,0,26946
1227,Oscar Robertson,26710,2008,0,26710
1228,Dominique Wilkins,26668,2008,0,26668
1229,John Havlicek,26395,2008,0,26395
1230,Shaquille O'Neal,26286,2008,0,25454
1231,Alex English,25613,2008,0,25613
1232,Reggie Miller,25279,2008,0,25279
1233,Jerry West,25192,2008,0,25192
1234,Patrick Ewing,24815,2008,0,24815
1235,Charles Barkley,23757,2008,0,23757
1236,Robert Parish,23334,2008,0,23334
1237,Adrian Dantley,23177,2008,0,23177
1238,Elgin Baylor,23149,2008,0,23149
1239,Allen Iverson,22988,2008,0,0
1240,Kareem Abdul-Jabbar,38387,2009,0,38387
1241,Karl Malone,36928,2009,0,36928
1242,Michael Jordan,32292,2009,0,32292
1243,Wilt Chamberlain,31419,2009,0,31419
1244,Shaquille O'Neal,27619,2009,0,26286
1245,Moses Malone,27409,2009,0,27409
1246,Elvin Hayes,27313,2009,0,27313
1247,Hakeem Olajuwon,26946,2009,0,26946
1248,Oscar Robertson,26710,2009,0,26710
1249,Dominique Wilkins,26668,2009,0,26668
1250,John Havlicek,26395,2009,0,26395
1251,Alex English,25613,2009,0,25613
1252,Reggie Miller,25279,2009,0,25279
1253,Jerry West,25192,2009,0,25192
1254,Patrick Ewing,24815,2009,0,24815
1255,Allen Iverson,23983,2009,0,22988
1256,Kobe Bryant,23820,2009,0,0
1257,Charles Barkley,23757,2009,0,23757
1258,Robert Parish,23334,2009,0,23334
1259,Adrian Dantley,23177,2009,0,23177
1260,Kareem Abdul-Jabbar,38387,2010,0,38387
1261,Karl Malone,36928,2010,0,36928
1262,Michael Jordan,32292,2010,0,32292
1263,Wilt Chamberlain,31419,2010,0,31419
1264,Shaquille O'Neal,28255,2010,0,27619
1265,Moses Malone,27409,2010,0,27409
1266,Elvin Hayes,27313,2010,0,27313
1267,Hakeem Olajuwon,26946,2010,0,26946
1268,Oscar Robertson,26710,2010,0,26710
1269,Dominique Wilkins,26668,2010,0,26668
1270,John Havlicek,26395,2010,0,26395
1271,Kobe Bryant,25790,2010,0,23820
1272,Alex English,25613,2010,0,25613
1273,Reggie Miller,25279,2010,0,25279
1274,Jerry West,25192,2010,0,25192
1275,Patrick Ewing,24815,2010,0,24815
1276,Allen Iverson,24368,2010,0,23983
1277,Charles Barkley,23757,2010,0,23757
1278,Robert Parish,23334,2010,0,23334
1279,Adrian Dantley,23177,2010,0,23177
1280,Kareem Abdul-Jabbar,38387,2011,0,38387
1281,Karl Malone,36928,2011,0,36928
1282,Michael Jordan,32292,2011,0,32292
1283,Wilt Chamberlain,31419,2011,0,31419
1284,Shaquille O'Neal,28596,2011,0,28255
1285,Kobe Bryant,27868,2011,0,25790
1286,Moses Malone,27409,2011,0,27409
1287,Elvin Hayes,27313,2011,0,27313
1288,Hakeem Olajuwon,26946,2011,0,26946
1289,Oscar Robertson,26710,2011,0,26710
1290,Dominique Wilkins,26668,2011,0,26668
1291,John Havlicek,26395,2011,0,26395
1292,Alex English,25613,2011,0,25613
1293,Reggie Miller,25279,2011,0,25279
1294,Jerry West,25192,2011,0,25192
1295,Patrick Ewing,24815,2011,0,24815
1296,Allen Iverson,24368,2011,0,24368
1297,Charles Barkley,23757,2011,0,23757
1298,Robert Parish,23334,2011,0,23334
1299,Kevin Garnett,23323,2011,0,0
1300,Kareem Abdul-Jabbar,38387,2012,0,38387
1301,Karl Malone,36928,2012,0,36928
1302,Michael Jordan,32292,2012,0,32292
1303,Wilt Chamberlain,31419,2012,0,31419
1304,Kobe Bryant,29484,2012,0,27868
1305,Shaquille O'Neal,28596,2012,0,28596
1306,Moses Malone,27409,2012,0,27409
1307,Elvin Hayes,27313,2012,0,27313
1308,Hakeem Olajuwon,26946,2012,0,26946
1309,Oscar Robertson,26710,2012,0,26710
1310,Dominique Wilkins,26668,2012,0,26668
1311,John Havlicek,26395,2012,0,26395
1312,Alex English,25613,2012,0,25613
1313,Reggie Miller,25279,2012,0,25279
1314,Jerry West,25192,2012,0,25192
1315,Patrick Ewing,24815,2012,0,24815
1316,Allen Iverson,24368,2012,0,24368
1317,Kevin Garnett,24270,2012,0,23323
1318,Dirk Nowitzki,24134,2012,0,0
1319,Charles Barkley,23757,2012,0,23757
1320,Kareem Abdul-Jabbar,38387,2013,0,38387
1321,Karl Malone,36928,2013,0,36928
1322,Michael Jordan,32292,2013,0,32292
1323,Kobe Bryant,31617,2013,0,29484
1324,Wilt Chamberlain,31419,2013,0,31419
1325,Shaquille O'Neal,28596,2013,0,28596
1326,Moses Malone,27409,2013,0,27409
1327,Elvin Hayes,27313,2013,0,27313
1328,Hakeem Olajuwon,26946,2013,0,26946
1329,Oscar Robertson,26710,2013,0,26710
1330,Dominique Wilkins,26668,2013,0,26668
1331,John Havlicek,26395,2013,0,26395
1332,Alex English,25613,2013,0,25613
1333,Reggie Miller,25279,2013,0,25279
1334,Kevin Garnett,25274,2013,0,24270
1335,Jerry West,25192,2013,0,25192
1336,Dirk Nowitzki,25051,2013,0,24134
1337,Patrick Ewing,24815,2013,0,24815
1338,Allen Iverson,24368,2013,0,24368
1339,Paul Pierce,24021,2013,0,0
1340,Kareem Abdul-Jabbar,38387,2014,0,38387
1341,Karl Malone,36928,2014,0,36928
1342,Michael Jordan,32292,2014,0,32292
1343,Kobe Bryant,31700,2014,0,31617
1344,Wilt Chamberlain,31419,2014,0,31419
1345,Shaquille O'Neal,28596,2014,0,28596
1346,Moses Malone,27409,2014,0,27409
1347,Elvin Hayes,27313,2014,0,27313
1348,Hakeem Olajuwon,26946,2014,0,26946
1349,Dirk Nowitzki,26786,2014,0,25051
1350,Oscar Robertson,26710,2014,0,26710
1351,Dominique Wilkins,26668,2014,0,26668
1352,John Havlicek,26395,2014,0,26395
1353,Kevin Garnett,25626,2014,0,25274
1354,Alex English,25613,2014,0,25613
1355,Reggie Miller,25279,2014,0,25279
1356,Jerry West,25192,2014,0,25192
1357,Paul Pierce,25031,2014,0,24021
1358,Tim Duncan,24904,2014,0,0
1359,Patrick Ewing,24815,2014,0,24815
1360,Kareem Abdul-Jabbar,38387,2015,0,38387
1361,Karl Malone,36928,2015,0,36928
1362,Kobe Bryant,32482,2015,0,31700
1363,Michael Jordan,32292,2015,0,32292
1364,Wilt Chamberlain,31419,2015,0,31419
1365,Shaquille O'Neal,28596,2015,0,28596
1366,Dirk Nowitzki,28119,2015,0,26786
1367,Moses Malone,27409,2015,0,27409
1368,Elvin Hayes,27313,2015,0,27313
1369,Hakeem Olajuwon,26946,2015,0,26946
1370,Oscar Robertson,26710,2015,0,26710
1371,Dominique Wilkins,26668,2015,0,26668
1372,John Havlicek,26395,2015,0,26395
1373,Tim Duncan,25974,2015,0,24904
1374,Kevin Garnett,25949,2015,0,25626
1375,Paul Pierce,25899,2015,0,25031
1376,Alex English,25613,2015,0,25613
1377,Reggie Miller,25279,2015,0,25279
1378,Jerry West,25192,2015,0,25192
1379,LeBron James,24913,2015,0,0
1380,Kareem Abdul-Jabbar,38387,2016,0,38387
1381,Karl Malone,36928,2016,0,36928
1382,Kobe Bryant,33643,2016,0,32482
1383,Michael Jordan,32292,2016,0,32292
1384,Wilt Chamberlain,31419,2016,0,31419
1385,Dirk Nowitzki,29491,2016,0,28119
1386,Shaquille O'Neal,28596,2016,0,28596
1387,Moses Malone,27409,2016,0,27409
1388,Elvin Hayes,27313,2016,0,27313
1389,Hakeem Olajuwon,26946,2016,0,26946
1390,LeBron James,26833,2016,0,24913
1391,Oscar Robertson,26710,2016,0,26710
1392,Dominique Wilkins,26668,2016,0,26668
1393,Tim Duncan,26496,2016,0,25974
1394,John Havlicek,26395,2016,0,26395
1395,Paul Pierce,26316,2016,0,25899
1396,Kevin Garnett,26071,2016,0,25949
1397,Alex English,25613,2016,0,25613
1398,Reggie Miller,25279,2016,0,25279
1399,Jerry West,25192,2016,0,25192
1400,Kareem Abdul-Jabbar,38387,2017,0,38387
1401,Karl Malone,36928,2017,0,36928
1402,Kobe Bryant,33643,2017,0,33643
1403,Michael Jordan,32292,2017,0,32292
1404,Wilt Chamberlain,31419,2017,0,31419
1405,Dirk Nowitzki,30260,2017,0,29491
1406,LeBron James,28787,2017,0,26833
1407,Shaquille O'Neal,28596,2017,0,28596
1408,Moses Malone,27409,2017,0,27409
1409,Elvin Hayes,27313,2017,0,27313
1410,Hakeem Olajuwon,26946,2017,0,26946
1411,Oscar Robertson,26710,2017,0,26710
1412,Dominique Wilkins,26668,2017,0,26668
1413,Tim Duncan,26496,2017,0,26496
1414,Paul Pierce,26397,2017,0,26316
1415,John Havlicek,26395,2017,0,26395
1416,Kevin Garnett,26071,2017,0,26071
1417,Alex English,25613,2017,0,25613
1418,Reggie Miller,25279,2017,0,25279
1419,Jerry West,25192,2017,0,25192
1420,Kareem Abdul-Jabbar,38387,2018,0,38387
1421,Karl Malone,36928,2018,0,36928
1422,Kobe Bryant,33643,2018,0,33643
1423,Michael Jordan,32292,2018,0,32292
1424,Wilt Chamberlain,31419,2018,0,31419
1425,Dirk Nowitzki,31187,2018,0,30260
1426,LeBron James,31038,2018,0,28787
1427,Shaquille O'Neal,28596,2018,0,28596
1428,Moses Malone,27409,2018,0,27409
1429,Elvin Hayes,27313,2018,0,27313
1430,Hakeem Olajuwon,26946,2018,0,26946
1431,Oscar Robertson,26710,2018,0,26710
1432,Dominique Wilkins,26668,2018,0,26668
1433,Tim Duncan,26496,2018,0,26496
1434,Paul Pierce,26397,2018,0,26397
1435,John Havlicek,26395,2018,0,26395
1436,Kevin Garnett,26071,2018,0,26071
1437,Alex English,25613,2018,0,25613
1438,Carmelo Anthony,25417,2018,0,24156	
1439,Reggie Miller,25279,2018,0,25279
1440,Kareem Abdul-Jabbar,38387,2019,0,38387
1441,Karl Malone,36928,2019,0,36928
1442,Kobe Bryant,33643,2019,0,33643
1443,LeBron James,32543,2019,0,31038
1444,Michael Jordan,32292,2019,0,32292
1445,Dirk Nowitzki,31560,2019,0,31187
1446,Wilt Chamberlain,31419,2019,0,31419
1447,Shaquille O'Neal,28596,2019,0,28596
1448,Moses Malone,27409,2019,0,27409
1449,Elvin Hayes,27313,2019,0,27313
1450,Hakeem Olajuwon,26946,2019,0,26946
1451,Oscar Robertson,26710,2019,0,26710
1452,Dominique Wilkins,26668,2019,0,26668
1453,Tim Duncan,26496,2019,0,26496
1454,Paul Pierce,26397,2019,0,26397
1455,John Havlicek,26395,2019,0,26395
1456,Kevin Garnett,26071,2019,0,26071
1457,Alex English,25613,2019,0,25613
1458,Carmelo Anthony,25551,2019,0,25417
1459,Vince Carter,25430,2019,0,24868
